{"@context":{"@language":"en","@vocab":"https://schema.org/","citeAs":"cr:citeAs","column":"cr:column","conformsTo":"dct:conformsTo","cr":"http://mlcommons.org/croissant/","data":{"@id":"cr:data","@type":"@json"},"dataBiases":"cr:dataBiases","dataCollection":"cr:dataCollection","dataType":{"@id":"cr:dataType","@type":"@vocab"},"dct":"http://purl.org/dc/terms/","extract":"cr:extract","field":"cr:field","fileProperty":"cr:fileProperty","fileObject":"cr:fileObject","fileSet":"cr:fileSet","format":"cr:format","includes":"cr:includes","isEnumeration":"cr:isEnumeration","jsonPath":"cr:jsonPath","key":"cr:key","md5":"cr:md5","parentField":"cr:parentField","path":"cr:path","personalSensitiveInformation":"cr:personalSensitiveInformation","recordSet":"cr:recordSet","references":"cr:references","regex":"cr:regex","repeated":"cr:repeated","replace":"cr:replace","sc":"https://schema.org/","separator":"cr:separator","source":"cr:source","subField":"cr:subField","transform":"cr:transform","wd":"https://www.wikidata.org/wiki/"},"alternateName":"Use Recipe Ingredients to Categorize the Cuisine","conformsTo":"http://mlcommons.org/croissant/1.0","license":{"@type":"sc:CreativeWork","name":"Unknown"},"distribution":[{"contentUrl":"https://www.kaggle.com/api/v1/datasets/download/kaggle/recipe-ingredients-dataset?datasetVersionNumber=1","contentSize":"2.227 MB","md5":"WGv\u002BVMlWXXYmIIAm6KbsIQ==","encodingFormat":"application/zip","@id":"archive.zip","@type":"cr:FileObject","name":"archive.zip","description":"Archive containing all the contents of the Recipe Ingredients Dataset dataset"},{"includes":"*.json","containedIn":{"@id":"archive.zip"},"encodingFormat":"application/json","@id":"application-json_fileset","@type":"cr:FileSet","name":"application/json files","description":"application/json files contained in archive.zip"}],"version":1,"keywords":["subject \u003E health and fitness \u003E food \u003E cooking and recipes"],"isAccessibleForFree":true,"includedInDataCatalog":{"@type":"sc:DataCatalog","name":"Kaggle","url":"https://www.kaggle.com"},"creator":{"@type":"sc:Organization","name":"Kaggle","url":"/organizations/kaggle","image":"https://storage.googleapis.com/kaggle-organizations/4/thumbnail.png"},"publisher":{"@type":"sc:Organization","name":"Kaggle","url":"https://www.kaggle.com/organizations/kaggle","image":"https://storage.googleapis.com/kaggle-organizations/4/thumbnail.png"},"thumbnailUrl":"https://storage.googleapis.com/kaggle-datasets-images/683/1293/f25ec504ee1e6f83368e925267d704cc/dataset-card.jpeg","dateModified":"2017-01-19T02:55:45.82","datePublished":"2017-01-19T02:55:45.803","@type":"sc:Dataset","name":"Recipe Ingredients Dataset","url":"https://www.kaggle.com/datasets/kaggle/recipe-ingredients-dataset/versions/1","description":"# Context \n\nIf you\u0027re in Northern California, you\u0027ll be walking past the inevitable bushels of leafy greens, spiked with dark purple kale and the bright pinks and yellows of chard. Across the world in South Korea, mounds of bright red kimchi greet you, while the smell of the sea draws your attention to squids squirming nearby. India\u2019s market is perhaps the most colorful, awash in the rich hues and aromas of dozens of spices: turmeric, star anise, poppy seeds, and garam masala as far as the eye can see. Some of our strongest geographic and cultural associations are tied to a region\u0027s local foods. \n\nThis dataset was featured in our completed playground competition entitled [What\u0027s Cooking?](https://www.kaggle.com/c/whats-cooking) The objective of the competition was to predict the category of a dish\u0027s cuisine given a list of its ingredients. \n\n\n# Content\n\nThe data are stored in JSON format.\n\n* **train.json** - the training set containing recipes id, type of cuisine, and list of ingredients\n\n* **test.json** - the test set containing recipes id, and list of ingredients\n\nAn example of a recipe node in train.json can be found [here](https://www.kaggle.com/c/whats-cooking/data) or in the file preview section below.\n\n\n# Acknowledgements\n\nThis unique dataset was provided by [Yummly](http://www.yummly.com/) and featured in a Kaggle  playground competition for fun and practice. Visit the competition page if you are interested in checking out past discussions, competition leaderboard, or more details regarding the competition. If you are curious to see how your results rank compared to others\u0027, you can still make a submission at the [competition submission page](https://www.kaggle.com/c/whats-cooking/submissions/attach)!"}